,Image,LBP,HOG,COLD_AVG_R,COLD_AVG_Theta,COLD_AVG_Distances,Gender
0,Males1.png,252.2314375,1.574858501815796,4.9087975664024714,0.17757671224495714,0.7897346355534739,1
1,Males10.png,251.62165833333333,1.739669249367714,4.35548999437672,0.3393359616004634,0.7812831927248653,1
2,Males100.png,250.63665,2.452600243580341,4.957508739322561,0.2547842331752441,0.8034465906066436,1
3,Males101.png,251.102885,2.1664409950733186,4.970622705017709,0.24095558651255225,0.799517628609421,1
4,Males102.png,250.15225625,2.4359313337683677,4.8942158999801935,0.25465971612049465,0.7608929163655224,1
5,Males103.png,250.12103,2.4439258301353455,4.8712154481617285,0.24269664825647874,0.7576576204128197,1
6,Males104.png,253.25071875,0.9736107131481171,4.587419867927683,0.28360510447791054,0.791324910302873,1
7,Males105.png,253.9166625,0.5800839008903503,4.513045716221434,0.26705435607903527,0.8040692262373837,1
8,Males106.png,252.96830625,1.0920549729347229,4.512642785964492,0.19450514945911396,0.7978862476953643,1
9,Males107.png,253.3653225,0.8519224020338059,4.4597553845356765,0.20582102916069933,0.788423098910638,1
10,Males108.png,252.75750625,1.2262826684474946,4.632774912442532,0.2342326441934445,0.7992320576221271,1
11,Males109.png,253.08138,1.0163740112543107,4.603889113335955,0.254159419209469,0.7977350623513945,1
12,Males11.png,252.85924,1.0640688241624832,4.254889643461099,0.3359355649664034,0.7742066337733435,1
13,Males110.png,252.61980625,1.3346962194442749,5.027645824923866,0.13403036978560365,0.7799386994005507,1
14,Males111.png,253.42734,0.855862584028244,5.073285308671005,0.22080966910471747,0.7662258115905998,1
15,Males112.png,249.56040833333333,3.090717170858383,4.836125943913316,0.2652971824505695,0.809399182268958,1
16,Males113.png,250.9512875,2.263553451433182,4.848244535499183,0.30070255361311793,0.8001919567558542,1
17,Males114.png,249.79015625,2.9422320424199104,4.92505162240186,0.1728431098179592,0.778949011254605,1
18,Males115.png,251.1179975,2.1752375269317628,4.947566465195035,0.16663763407346688,0.7829396148399269,1
19,Males116.png,248.80406458333334,3.5360013202428817,5.043487780878401,0.2640213238046878,0.7884946300635305,1
20,Males117.png,249.586075,3.0765957409000397,5.11543636161633,0.25714670612197643,0.7938034378007852,1
21,Males118.png,252.541075,1.3977230754494667,5.025302030291084,0.1965264186994859,0.7587694634743297,1
22,Males119.png,251.392525,2.0556106376981735,4.98148017238733,0.2083060321014792,0.7621751096500902,1
23,Males12.png,252.31037083333334,1.4312085668563843,4.617507334736764,0.2443898253171096,0.8154971630314131,1
24,Males120.png,252.4747125,1.4362865218877792,4.933200879494661,0.25841453769284795,0.7560805663143164,1
25,Males121.png,251.238025,2.1240104439854623,4.802323620344371,0.2779831550117262,0.81147999852504,1
26,Males122.png,250.992815,2.261967130537033,4.8597428603856745,0.270087524553372,0.8015181406325946,1
27,Males123.png,249.21031458333334,2.933798066198826,4.895755986786035,0.2429119561978215,0.7787294480453604,1
28,Males124.png,250.8810575,2.0684738841104506,4.904606827023098,0.26913916411921124,0.7810209304118636,1
29,Males125.png,252.36409791666668,1.454691462302208,4.789729484461812,0.30398872578669384,0.815307154013447,1
30,Males126.png,253.326225,0.9086187174940109,4.831366811398267,0.30894600390350413,0.8318998246026582,1
31,Males127.png,251.19060208333335,2.085523053085804,4.645113469010204,0.311959782609913,0.7982120341319744,1
32,Males128.png,252.4622675,1.3506742749595642,4.657550967828273,0.3302960532184442,0.8018066934214907,1
33,Males129.png,251.84418125,1.8050025969743728,4.928185687044966,0.27350280557942525,0.8178349998825707,1
34,Males13.png,252.122865,1.5244232526254653,4.603006010226655,0.2491463421449984,0.8134256101538299,1
35,Males131.png,251.38365833333333,2.0268803577899934,4.941781521378724,0.2633081755490906,0.8248853425413298,1
36,Males132.png,251.338625,2.051918344974518,4.9986223445120554,0.2566441945066051,0.8253321843467157,1
37,Males133.png,252.33041666666668,1.5265720801711082,4.304149767521122,0.16436034897126373,0.7946790953453011,1
38,Males134.png,253.15074,1.0524538589143753,4.311465029202888,0.14891205399284968,0.7946157643237379,1
39,Males135.png,250.33472291666666,2.507781232905388,5.2458973897520895,0.25651312666637477,0.7788329731413735,1
40,Males136.png,251.539705,1.8331381798553468,5.233245175396307,0.24881046680885108,0.7678390977519605,1
41,Males137.png,252.09896875,1.5822409048676491,4.948634747334998,0.2531428543365141,0.8023098621054409,1
42,Males138.png,252.06133,1.5879902202272416,4.89628589151561,0.25200285104527703,0.8064979231706316,1
43,Males139.png,251.5385,2.0148516241550447,4.704025535338277,0.3087857371462085,0.819010682542979,1
44,Males14.png,251.93676041666666,1.5926499093532562,4.497994486467221,0.31270206697014147,0.8197864527226338,1
45,Males140.png,252.1326325,1.6472971622943877,4.645467609197493,0.330045981165732,0.8153174196475509,1
46,Males141.png,251.79410208333334,1.6448767597079277,4.7597107273206305,0.342056468111128,0.7910263387593559,1
47,Males142.png,252.2679725,1.386106514339447,4.730724772024193,0.3414930002299995,0.7901090845282057,1
48,Males143.png,253.00032291666668,1.1495220002293587,4.906416849420528,0.231882432297623,0.8082109733304471,1
49,Males144.png,252.02647083333332,1.6532450324416161,4.592996883366939,0.26400932071790206,0.7960946905650362,1
50,Males145.png,252.742005,1.2440028210496903,4.581266128535575,0.28036280194374613,0.799057473381543,1
51,Males146.png,252.84363958333333,1.1964422194719315,4.901337278169343,0.20306753123155033,0.773067908852536,1
52,Males147.png,252.2345975,1.512001352391243,4.968026471199552,0.1981020224636542,0.7663123093626798,1
53,Males148.png,252.92501041666668,1.1919003714561462,4.937187433703666,0.20910715796968893,0.7549145376294175,1
54,Males149.png,251.96803333333332,1.7390881142497063,5.120975330528054,0.21048819290383583,0.7831928340618511,1
55,Males15.png,251.3975625,1.782541898560524,4.399575153117212,0.3060592823057056,0.8108577630261045,1
56,Males150.png,250.9130025,2.3424570573234558,5.098139484727011,0.19534678324797017,0.78148095335075,1
57,Males151.png,252.62605833333333,1.3530521184325217,5.022048727340666,0.18276291851116017,0.75590581094574,1
58,Males152.png,251.45481041666667,1.9598012224793435,4.654129216228239,0.22082535833046862,0.809035845144028,1
59,Males153.png,252.206175,1.5415962159991263,4.593106860719087,0.28534001486747884,0.8092343505606043,1
60,Males154.png,251.7354775,1.7783983070755005,4.568810739347935,0.27312827677458906,0.8048870138462607,1
61,Males155.png,251.79013541666666,1.8134873369932174,4.960020948698253,0.16270786060061765,0.7824185254979523,1
62,Males156.png,252.7798,1.2382538619661332,4.957577391793998,0.15409508572700498,0.7710565024946622,1
63,Males157.png,252.63085625,1.1291882009744645,4.295917440160701,0.2949455629041258,0.7747132462995346,1
64,Males158.png,252.61491875,1.0903584166526794,3.7998490108030043,0.34646529308960944,0.7833073285838462,1
65,Males159.png,253.537695,0.6347070021772384,3.9051515268307475,0.3977249610966973,0.7743838979915899,1
66,Males16.png,253.31623541666667,0.8437881625175476,4.420938152613889,0.27823387211898437,0.8054328350713804,1
67,Males160.png,251.78347708333334,1.8354082555294038,5.024167958331046,0.24309330517191002,0.8103862926405768,1
68,Males161.png,251.9118125,1.7251414392185211,5.019665507760904,0.2671541050214245,0.8079016476773149,1
69,Males162.png,251.44949791666667,1.9574325475215912,4.899709377027895,0.2483917717580106,0.8036972128726831,1
70,Males163.png,253.26453,0.9166089735746383,4.810607008590729,0.21918682747883436,0.7901208993600274,1
71,Males165.png,249.204455,3.1637005742168425,5.233974019480027,0.23897577569875147,0.7999076066499906,1
72,Males166.png,253.7698875,0.6331620789051056,4.717298954560751,0.27704807822077165,0.825135711173508,1
73,Males167.png,252.94882708333333,1.126240333354473,4.9306030207023355,0.30225988685735067,0.7999248739795718,1
74,Males168.png,252.53605,1.3536237016439439,4.919740470663797,0.3017935716539644,0.7998100413312784,1
75,Males169.png,251.54859375,1.8463074532151222,4.812087591950198,0.2642064400961607,0.7795280851818502,1
76,Males17.png,252.25299583333333,1.4382617139339446,5.486660089777917,0.27459901932432396,0.758273782831178,1
77,Males170.png,252.56427291666665,1.27032447193861,4.555179724719016,0.3567405168990104,0.8204238901458258,1
78,Males171.png,250.99707,2.0911531486415864,4.523178085236053,0.3361624721699818,0.8149564865942666,1
79,Males172.png,253.10150833333333,0.9179564385175705,4.131878357172905,0.26578430367158024,0.8062366844026794,1
80,Males173.png,253.2508525,0.8261659140014649,4.048899992940836,0.26393622395124494,0.7980258363741175,1
81,Males175.png,252.5793875,1.1676962707471847,4.3174301818068805,0.28245300288024616,0.7893096015358751,1
82,Males176.png,251.13127916666667,2.1616220603227614,4.831685076495423,0.2621722912333511,0.814228578302905,1
83,Males177.png,252.01083,1.6327580409193039,4.895461339340765,0.24711931161934672,0.8152295488121585,1
84,Males178.png,251.47956666666667,2.0042893734931946,4.835729139852063,0.18993338948723187,0.7769885883426595,1
85,Males179.png,251.4443525,2.013874971084595,4.83733476976242,0.2149328284873889,0.7764840997049982,1
86,Males18.png,252.40022291666668,1.3649527015089988,4.526777360073156,0.23869537331382878,0.779790328690187,1
87,Males180.png,251.88161666666667,1.7761349226236343,4.8808118198517825,0.29420977741643456,0.8032769552079367,1
88,Males181.png,251.7412275,1.8392911343336105,4.875278575794464,0.29715804289694686,0.8005592604026577,1
89,Males182.png,252.91224166666666,1.1010114536643028,4.893597859519087,0.23285405224887593,0.7781351468534677,1
90,Males183.png,252.44360833333334,1.3888667496085167,4.946432812753855,0.2356469546085663,0.7800549196551755,1
91,Males184.png,251.7066875,1.756357594628334,4.986773137535523,0.2401931623031961,0.7885403619162975,1
92,Males185.png,252.91743958333333,1.0862064206600188,4.720518676596181,0.2716264054072084,0.8016445522405805,1
93,Males186.png,252.84296666666665,1.118259958577156,4.460187764789705,0.3155423150785335,0.8056596277872263,1
94,Males187.png,252.18976,1.4209066591787338,4.360123312777928,0.3361704962897494,0.805220161062175,1
95,Males188.png,253.80027083333334,0.5868841619253159,3.8487989213376577,0.3921071693414738,0.7873689285687612,1
96,Males189.png,252.61828333333332,1.2667747606039048,5.096528687653944,0.3080026085100011,0.7957070645319814,1
97,Males19.png,252.3465975,1.3779170892620087,4.442768477460788,0.24685062204369032,0.7773479720691253,1
98,Males190.png,250.6304775,2.286149576225281,5.113136428248642,0.27931588260795326,0.7974040444657696,1
99,Males191.png,253.40772083333334,0.800733720111847,4.55595342238514,0.35143574390443605,0.8150522880930571,1
100,Males192.png,251.06115416666665,2.1455567211985587,4.896967343079924,0.21528689249328017,0.788761857807027,1
101,Males193.png,251.6994625,1.7627338340950012,4.899940616227517,0.23401791206382455,0.796025771637289,1
102,Males194.png,251.38918333333334,2.115792892563343,4.782320696662136,0.32899180403362127,0.8177534037726412,1
103,Males195.png,251.9021,1.7973495870494842,4.778106769350249,0.3331048712068671,0.8116220594582588,1
104,Males196.png,251.98294375,1.5996190828680992,4.539607775444965,0.21188144286335536,0.7856396363842376,1
105,Males197.png,251.52773,1.8117040815210343,4.602745654492783,0.18578708465908303,0.7833110048382813,1
106,Males198.png,251.229525,2.1597727363944053,5.058724091671526,0.26304407832584525,0.8176706136754134,1
107,Males199.png,251.7893675,1.8293380539035797,5.083420683099334,0.25634555386514524,0.8054493174540166,1
108,Males2.png,250.99956458333332,2.1188065809845926,5.470436712685172,0.21415248609316387,0.7581442122389066,1
109,Males20.png,252.03348333333332,1.5869839515328408,4.3907273739195345,0.32279638229818985,0.8115854471177499,1
110,Males200.png,252.65355833333334,1.2318441369891167,4.670538782313357,0.22638317138449185,0.7655132571894352,1
111,Males201.png,251.80516,1.6473945122480393,4.6493456950156204,0.24489266240256208,0.7635057332995406,1
112,Males202.png,253.49353541666667,0.7323750821113586,4.022145713239109,0.3781885197916933,0.7931306721307745,1
113,Males203.png,252.53154791666665,1.2378383061170577,4.4454214785921815,0.24228091007790523,0.8046889937102074,1
114,Males204.png,251.76413958333333,1.886822607731819,4.704810642198525,0.19436492281135195,0.7846869714192315,1
115,Males205.png,251.036635,2.3038221018505096,4.7035214416997055,0.1855642808293419,0.7866165545625003,1
116,Males206.png,252.68270625,1.163835995543003,3.3058017942760145,0.3524083122697194,0.7896478416426785,1
117,Males207.png,252.988525,0.9946977548789978,3.3224897428700584,0.33703976395664714,0.7881156429620975,1
118,Males209.png,251.3497625,2.0523279536247254,5.22515780367611,0.1974296952888482,0.7961190843279042,1
119,Males21.png,251.194895,1.9800151127099992,4.252343549143229,0.32569689483832537,0.8125503065885344,1
120,Males210.png,252.27359375,1.5470593108177184,5.218495649669761,0.29620520755494334,0.798167014652035,1
121,Males211.png,251.66228125,1.928469506764412,4.835506884366709,0.25374616155539453,0.8028652302626835,1
122,Males212.png,252.8091975,1.250536627049446,4.818202957927426,0.25187504976120895,0.7963562908680673,1
123,Males213.png,251.76537916666666,1.7830856726765634,4.53550095164277,0.330241686308221,0.7966173595058671,1
124,Males214.png,252.188695,1.5408147170448303,4.572247411654482,0.32192598076833695,0.7911858673405879,1
125,Males215.png,251.32235208333333,2.0163171228766443,4.935964638406793,0.2668652369275738,0.7919188882217639,1
126,Males216.png,249.754525,2.86083290725708,4.933686114148063,0.24762800057096437,0.791087953368254,1
127,Males217.png,250.76875416666667,2.1800491266727446,4.374460238321453,0.23767260688642416,0.7790085829122927,1
128,Males218.png,251.881805,1.5924566672086715,4.305852617998084,0.22908062894166736,0.7843613631555547,1
129,Males219.png,252.45905,1.472164896929264,4.61947301368235,0.2856990729444972,0.7985250247127589,1
130,Males22.png,253.57942083333333,0.7780837500095368,4.301726020628892,0.21703423224319784,0.7871944712038714,1
131,Males220.png,252.8370425,1.2329101895713805,4.614900251666616,0.3024785876922887,0.7926850544582074,1
132,Males221.png,252.47612083333334,1.159609940969944,3.0481313822712375,0.4391973084260925,0.753127086464191,1
133,Males222.png,253.0928425,0.8608307710075378,2.9888104302287504,0.42482515890456846,0.7386166088899393,1
134,Males223.png,252.401675,1.4425930981397628,4.757013898878169,0.2823314465946441,0.7978100688238732,1
135,Males224.png,251.553015,1.9013945477056504,4.769334111716842,0.26922003218421325,0.7926557812191346,1
136,Males225.png,252.15428958333334,1.588839333474636,4.644430354400091,0.2408679563007352,0.783371233506288,1
137,Males226.png,251.90021041666665,1.7211051120996474,4.78424163576886,0.23803912569736946,0.8066056172073099,1
138,Males227.png,251.0647525,2.178117859582901,4.749005860440023,0.2553799486311462,0.80162492242653,1
139,Males228.png,252.63014583333333,1.3012836262822152,4.725699041532738,0.3332367795914028,0.8209622656865272,1
140,Males229.png,251.94405625,1.7358042682647705,4.735782342886014,0.29330401315469506,0.8153317768313764,1
141,Males23.png,251.96438541666666,1.3751984762310983,3.4788711617928514,0.38253165821603446,0.7601703434599109,1
142,Males230.png,252.164045,1.6042292780971528,4.737159585605114,0.31037586013408486,0.8154806390448629,1
143,Males231.png,252.17337916666668,1.4675090407967568,4.703328829215418,0.3077174068532851,0.8008904756010922,1
144,Males232.png,253.2783675,0.8452958556175232,4.634379583292039,0.3384126065902809,0.7872906196432039,1
145,Males233.png,251.873825,1.674681482744217,4.498486488952818,0.34892200354956926,0.7848670294689868,1
146,Males234.png,251.2801225,1.9937714008712768,4.464759017876714,0.3840312127543164,0.7830402061321935,1
147,Males235.png,252.38623333333334,1.2703669100642205,3.525416481984018,0.3350463145317903,0.7770658571306412,1
148,Males236.png,252.87964,1.0048403010606766,3.536734557817534,0.3649437525579939,0.7834633165341718,1
149,Males237.png,253.33295625,0.7330075329065323,3.060886349694751,0.46216676871679563,0.7407382728508768,1
150,Males238.png,251.8168325,1.4073677251052856,3.1798779273013107,0.4295503895614561,0.7553704231518468,1
151,Males239.png,252.09287708333332,1.6429756817936898,5.0744146028709975,0.14241624714058126,0.7671930480858944,1
152,Males24.png,251.74196,1.4523642975854874,3.255454915392048,0.3933246387048545,0.7446419282251684,1
153,Males240.png,251.86085,1.7402787290096282,5.082898426307493,0.15139671264358695,0.7766630159497458,1
154,Males241.png,252.50155625,1.4104703585386276,4.889251872646832,0.15334597771567393,0.7876874468697822,1
155,Males242.png,252.46326458333334,1.4662667023301124,4.764248700814727,0.2976801089680767,0.7848486569714247,1
156,Males243.png,250.8332625,2.3667827196121216,5.01052450995836,0.16345409291208343,0.7825175450103536,1
157,Males244.png,249.9726125,2.8624483622217176,5.006308655476547,0.1594822336375825,0.7853856690194614,1
158,Males245.png,251.78585,1.4714503954172133,3.0582179668193827,0.5064030708013882,0.7322097098356236,1
159,Males246.png,252.742785,1.0079239006519318,2.9706448192626898,0.522823838450768,0.7190774583103712,1
160,Males247.png,249.36813125,3.149568063592911,4.8882125518783965,0.1987689368135494,0.7823737927356382,1
161,Males248.png,250.806995,2.3119676971149445,4.8641227399742775,0.17043891523418847,0.7792887979181279,1
162,Males249.png,252.33970208333332,1.4842661185622215,4.7637926913181525,0.2527538198060945,0.8006897817266795,1
163,Males25.png,251.59360833333332,1.7611567188620567,4.400738021608175,0.2538912064579549,0.8186945063555194,1
164,Males250.png,250.3378775,2.577496674699783,5.0338644498702365,0.21652345203874615,0.800771209839973,1
165,Males251.png,252.08968958333332,1.6667330289244653,5.081288969924978,0.24893598317404503,0.7716819741813312,1
166,Males252.png,251.773735,1.8205392567443848,5.104123343073924,0.2148648773871534,0.7639895299712821,1
167,Males253.png,250.71130833333333,2.4401360784053803,4.928494304751026,0.2968133178323262,0.822432078909855,1
168,Males254.png,250.3822025,2.6220683923387527,4.960422108388583,0.2901918041083747,0.8159503735659966,1
169,Males255.png,254.02549583333334,0.4938452910542488,4.023243146655364,0.39227584147305505,0.7911689717905382,1
170,Males256.png,250.97427708333333,2.0034099861979486,4.779005258528657,0.3069705971618619,0.7576573198743195,1
171,Males257.png,250.72777708333334,2.3598458488941194,4.689855247431238,0.30046243451474974,0.8065760959536593,1
172,Males258.png,251.0759675,2.1557163927412035,4.693985992471382,0.3050664031384119,0.8035673856866989,1
173,Males259.png,251.81645,1.8049263607263566,4.823376521272513,0.24792232376256354,0.8144997458629138,1
174,Males26.png,251.486045,1.7203333720350265,4.137818388901112,0.260962294215702,0.8084181662341913,1
175,Males260.png,251.9399325,1.726569236111641,4.8062001921316115,0.24021451199059932,0.8132532740143175,1
176,Males261.png,249.85043541666667,2.64835043990612,4.825013778958629,0.3282227647862138,0.7845729050554678,1
177,Males262.png,250.458565,2.318178533549309,4.7572619981527815,0.3267751319536095,0.7840915051927164,1
178,Males263.png,251.87626875,1.7369956639528275,4.76878444772462,0.2458728936027563,0.8131806409102247,1
179,Males264.png,251.476575,1.9081363685131072,4.808414274941311,0.24490880094596362,0.8185329207282929,1
180,Males265.png,253.58388125,0.7460289745092392,4.370177038276672,0.3401913782920397,0.7989462187348318,1
181,Males266.png,252.75586458333333,1.2286002967834473,4.350932530630175,0.2726030367624371,0.7965930608176252,1
182,Males267.png,252.95731,1.1019353400421144,4.314611769640354,0.2753019960872847,0.7915688059154165,1
183,Males268.png,249.75688541666668,2.799594354104996,5.409592696235415,0.24352723949815175,0.7574498951499362,1
184,Males269.png,251.590715,1.8088761325979232,5.348014980459217,0.22686134923121232,0.7693924449876398,1
185,Males27.png,251.9688125,1.482664877486229,3.6401769196932032,0.38400239679339626,0.7977447389765476,1
186,Males270.png,253.31283958333333,0.928452773463726,4.982319804099073,0.2348129589009537,0.7964944610368578,1
187,Males271.png,253.49938,0.8112355074691773,4.99882496113577,0.2450262216105845,0.7896646604925394,1
188,Males272.png,252.82671041666666,1.252690922152996,4.693109699594939,0.3216269268108634,0.7954451427046396,1
189,Males273.png,251.8151225,1.8477784629249572,4.648487510680485,0.29718652188545797,0.7924907442515541,1
190,Males274.png,253.56183333333334,0.7993911567807197,4.025724412720527,0.35290232938838734,0.80532793627095,1
191,Males275.png,252.48883541666666,1.3322627162218095,5.003377493956479,0.2985717174165352,0.8005024201671004,1
192,Males276.png,250.76856,2.210479114522934,4.973029469662229,0.3147554066007759,0.7944170555623226,1
193,Males277.png,252.15652083333333,1.5788432308197022,4.656826167661086,0.2661498127989651,0.8094424479175953,1
194,Males278.png,251.9918375,1.6730617022752763,4.67826885565841,0.28866438849122655,0.8099222546657037,1
195,Males279.png,252.34546875,1.3108781880140306,3.685343564608331,0.3002155355856077,0.7956643810580442,1
196,Males28.png,251.7956575,1.5098026896858214,3.475240559390807,0.4090786220075729,0.7859765116764861,1
197,Males280.png,253.4446475,0.7366970670175552,3.642448280969675,0.29909664448272627,0.795000016397269,1
198,Males281.png,251.8816875,1.7523619313955308,4.649084393044541,0.2561253361252109,0.8088402635456607,1
199,Males282.png,252.3875025,1.4384869259548188,4.642102351611609,0.2670508277304827,0.8094724313354967,1
200,Males283.png,251.90371666666667,1.6567914150357246,4.514578886125476,0.269013775223268,0.7710353268470036,1
201,Males284.png,252.2446425,1.4540347528409958,4.498427961746091,0.26202146089859263,0.7681943003846466,1
202,Males286.png,251.612015,1.9005382854509354,4.817110298992328,0.2116447658984203,0.7742962046736698,1
203,Males287.png,253.21643541666666,0.8048786311388015,3.54809034314827,0.35057624241663027,0.7843684653806281,1
204,Males288.png,252.93543958333333,0.9719978905200958,4.082910958498577,0.2880731829660496,0.784326614383857,1
205,Males289.png,252.15152708333332,1.520121584868431,4.5039640560120855,0.23200946331025601,0.789346871379708,1
206,Males29.png,251.2883875,2.044067217361927,4.887298676190176,0.20872747939217118,0.7866604241008698,1
207,Males290.png,251.6639325,1.7769495390129089,4.506376453007675,0.2411863175903642,0.7774098070978669,1
208,Males291.png,251.6609,1.854478665781021,4.595626993337142,0.27500235988380634,0.8001214032008775,1
209,Males292.png,251.517625,1.923437883181572,4.563481417468647,0.30075326197422625,0.8031767062544978,1
210,Males293.png,251.68604583333334,1.8794635217666626,5.009785519446754,0.34539712428772396,0.8027106327431758,1
211,Males294.png,250.97904,2.246381127848625,5.030410864836219,0.33077430268806,0.8027190800386755,1
212,Males295.png,253.12785625,1.0412265790224076,4.785346421891191,0.3296675787403447,0.8128550173686057,1
213,Males296.png,251.34972916666666,2.0215951483011247,4.815475527997093,0.2990881035677493,0.8064075221501888,1
214,Males297.png,251.4604775,1.9471739446449279,4.815237944996554,0.288926723940444,0.8058178793903552,1
215,Males298.png,252.5081375,1.417001389491558,4.649501639608156,0.26373577349403926,0.8176784636025478,1
216,Males299.png,251.0297025,2.24603469853878,4.613548951509494,0.27735597589986666,0.813306803419937,1
217,Males3.png,252.49629,1.306586650328636,5.485430067280845,0.24770695898870246,0.7569185088117827,1
218,Males30.png,250.900545,2.2139000574302674,4.7240986119587385,0.23486289771865088,0.7714455130514053,1
219,Males301.png,251.771815,1.7754325608444215,4.687264690777697,0.2591014965180961,0.815332124694376,1
220,Males302.png,251.35394375,2.0085152759194376,4.747051360394546,0.2588606340648518,0.8121492202657808,1
221,Males303.png,252.36191,1.4280066574716568,4.753124880219025,0.2614499761350899,0.8130019308690913,1
222,Males304.png,253.08755416666668,1.0386048245549202,4.830505998880903,0.25862673188458973,0.8149395908328759,1
223,Males305.png,252.7196625,1.2040745839834213,4.789962039119556,0.2525365608644632,0.8210271418748318,1
224,Males306.png,253.32394166666666,0.9036786407232285,4.707115075354078,0.25160002582726554,0.8037572720041148,1
225,Males307.png,252.341325,1.464914856147766,4.546990233252772,0.23230717806320045,0.7840642695604754,1
226,Males308.png,253.20333125,1.0004867145299912,4.506829519609904,0.3098471812743105,0.7997649387163727,1
227,Males309.png,252.35294166666668,1.4896772661685944,4.840902466278245,0.22710108278433538,0.7981959008221722,1
228,Males31.png,253.32714791666666,0.846229423224926,4.153606359407784,0.3126440152903861,0.8086987300475037,1
229,Males310.png,250.25574375,2.665236942231655,5.290628952285858,0.23603287425799996,0.8147072362767337,1
230,Males311.png,250.3144525,2.589558988351822,5.2696572838976055,0.24587940416482776,0.8195263230959401,1
231,Males312.png,250.3301125,2.664635743892193,5.294095317473268,0.21893244197515552,0.813610843462854,1
232,Males313.png,252.56653958333334,1.3899374805808067,4.554606170873675,0.19423465173214188,0.7769102195682062,1
233,Males314.png,251.92881,1.7451982099914551,4.562170485535705,0.17779853712814503,0.7819969719491303,1
234,Males315.png,250.74236875,2.441169629108906,4.767950713797118,0.24107971148473972,0.7742709024725973,1
235,Males316.png,251.200985,2.1487173458719253,4.694373920569914,0.25433439671970015,0.7757662720180487,1
236,Males317.png,252.14511666666667,1.5532153398275375,4.481151618061575,0.22915540893209074,0.8118974695736083,1
237,Males318.png,253.4784125,0.7906670920228959,4.549150957666725,0.23526250854295863,0.7979256875413886,1
238,Males319.png,252.35651875,1.5426060480833053,4.593965260450393,0.2574211503582882,0.7677017124201634,1
239,Males32.png,252.33778333333333,1.3353661190748214,3.9581726062212317,0.28886493751379777,0.7965314559488177,1
240,Males320.png,252.681625,1.3342829118061066,4.577915761441994,0.2424153227365712,0.7671163361593045,1
241,Males321.png,251.86348333333333,1.7705632486820222,4.976444388017465,0.28977334335782823,0.8024317820027607,1
242,Males322.png,251.7809025,1.7967942471599578,4.967116598593012,0.28322753103993337,0.8027475919670416,1
243,Males324.png,251.103115,2.22569718562603,5.029015863409762,0.24756995101640017,0.7745673880445986,1
244,Males325.png,252.70930208333334,1.2896485944509506,4.931698765623853,0.264003442559634,0.7873873884248968,1
245,Males326.png,251.83394583333333,1.7914712979316711,4.874140340609904,0.1522455743692357,0.7763399187445308,1
246,Males327.png,251.459405,2.010710082092285,4.85057669326196,0.1510768485865258,0.7793613258743786,1
247,Males329.png,251.4984975,1.9139169728565215,4.648952395728412,0.1816747961383081,0.7810641052830025,1
248,Males33.png,251.67042708333332,1.80017214448452,4.684769150926509,0.2054522080304602,0.7790224796927631,1
249,Males330.png,251.8717,1.6430753773570062,5.095098784038354,0.27895727474018306,0.8088801610383862,1
250,Males331.png,250.794025,2.1849684516048433,5.093754723471326,0.3087677628605435,0.8057653888245043,1
251,Males332.png,252.75704791666666,1.1679418263196946,4.8071842493018,0.2904858510620455,0.8242601607378126,1
252,Males333.png,251.23942708333334,2.1164033511400224,4.859870691005483,0.2214835893127132,0.8010080633032631,1
253,Males334.png,251.90328958333333,1.7354910043478011,4.866563869042032,0.20288680740445844,0.8002535226147042,1
254,Males335.png,253.69102,0.7102182139492035,4.891560557325029,0.21815088758616466,0.7975941561268457,1
255,Males336.png,252.95003125,1.1491572816491127,4.8944600622333985,0.2275438167398176,0.7983931944009186,1
256,Males337.png,251.7897575,1.7959090894317626,4.91280686225235,0.22815442299657293,0.802978742811209,1
257,Males338.png,253.25252916666668,0.9810234700679779,4.858196941469165,0.20309182778830437,0.80829952745475,1
258,Males339.png,251.90446041666667,1.65268757686615,5.025977636561568,0.1894043691606686,0.7864299718426583,1
259,Males34.png,252.186445,1.4677771365451813,4.658574068349988,0.22078495431669076,0.7765315816293797,1
260,Males340.png,252.1230525,1.5168519618558884,5.078923751392488,0.235904553937254,0.7779523360516813,1
261,Males341.png,252.34571666666668,1.341836247241497,4.842289476945156,0.2836140414381608,0.760752114266517,1
262,Males342.png,250.49166875,2.5675698828935625,4.891387533940952,0.25604219146157814,0.8221222051605676,1
263,Males343.png,250.61495,2.4790944921398164,4.897693357856747,0.2403359993117996,0.8195350961086983,1
264,Males344.png,251.44075,1.9893215165138245,4.721413842674981,0.23739583565090006,0.7856026822380926,1
265,Males345.png,250.79024,2.3354358673810958,4.73468771906246,0.24135559607397147,0.7857045980129587,1
266,Males346.png,251.69900833333332,1.8338389384746552,4.454666675263652,0.29762450143776287,0.8008893595888288,1
267,Males347.png,251.89634,1.7039127785539627,4.468156011844954,0.29399875691125305,0.8021517231283748,1
268,Males348.png,252.69365,1.2935651573061944,4.595548108214515,0.2481310530439089,0.8130265999802783,1
269,Males349.png,253.4287075,0.8520727288627624,4.575613904168106,0.25939900206233885,0.8055999018072425,1
270,Males35.png,252.09964166666666,1.6385648822069168,4.684037654175691,0.25653633709265067,0.7861485971176073,1
271,Males350.png,252.48883541666666,1.3295630296111107,4.902702101911461,0.2843910797393625,0.7823973534662215,1
272,Males351.png,251.931755,1.6134194987010957,4.909399034056936,0.27509838253074287,0.7848653933756576,1
273,Males352.png,253.51791041666667,0.7630969940423965,4.809491230376889,0.2715368426356985,0.7771545185351147,1
274,Males353.png,251.62980416666667,1.8539925250649452,4.726535464375213,0.31785628974564284,0.8064740833511013,1
275,Males354.png,251.9912875,1.6288523741912841,4.7388237398690505,0.33726078007702276,0.8019603777458113,1
276,Males355.png,251.77572083333334,1.7992817107081414,4.887314217488678,0.31282919644450025,0.8181216924043556,1
277,Males356.png,250.788935,2.373218982796669,4.89460995726922,0.29951703701189836,0.816442932801283,1
278,Males357.png,251.45661666666666,1.9360622734427453,5.4181691692433365,0.25466231932065075,0.8025648142527386,1
279,Males358.png,252.2282675,1.4957133779239655,5.465865318160909,0.28054095184100336,0.8051976328460041,1
280,Males359.png,251.00222083333333,2.224615035903454,4.800610329084641,0.29523843936729693,0.8234633992767196,1
281,Males36.png,252.9953575,1.1171197468614578,4.713964055412084,0.25427108480535426,0.7974002425737096,1
282,Males360.png,251.82433,1.7369361938810348,4.803570754638987,0.2931012102383034,0.8203536475329047,1
283,Males361.png,252.26836666666668,1.5439189423203468,4.943362741025604,0.16855081065232788,0.8034606201439516,1
284,Males362.png,252.8143025,1.2104088535022735,4.941755566430826,0.17436118154470168,0.8035246229674953,1
285,Males363.png,251.44871875,1.9919162115573883,4.71040480878538,0.19907309630715544,0.8007026745461623,1
286,Males364.png,252.884465,1.1488500069093703,4.677778778877565,0.2345521069433262,0.7972995876954709,1
287,Males365.png,251.48636666666667,1.8732253857254981,4.392631083635457,0.24518536631891003,0.8066504880589288,1
288,Males366.png,252.4092,1.327458866686821,4.261639312763729,0.2588512424544587,0.8089589005507608,1
289,Males367.png,251.51317708333335,2.000182359743118,4.9275874484610265,0.24821633506638183,0.7899735092080793,1
290,Males368.png,250.740765,2.364476641817093,4.861934608516348,0.2554016267545172,0.793357781573918,1
291,Males369.png,252.74517916666667,1.2413410400867462,4.824330611403146,0.27945227851400084,0.8180329355496236,1
292,Males37.png,252.31989791666666,1.5347278472185135,4.960128549074521,0.2319490125543848,0.8165731640847859,1
293,Males370.png,252.711935,1.2416025297403335,4.854318238696949,0.2630166921252436,0.8132929818243014,1
294,Males371.png,252.58541666666667,1.3689713112354278,4.85704201586743,0.2742897652578146,0.8056526817671641,1
295,Males372.png,252.88992916666666,1.1409497023701667,4.7296687354212015,0.22906143634384515,0.823530035585521,1
296,Males373.png,252.87165416666667,1.148034992516041,4.05216023139448,0.2952482975967654,0.8041254690791031,1
297,Males374.png,253.6717725,0.69064680331707,3.672506379485028,0.33355343034979007,0.7867999923102199,1
298,Males375.png,251.6394275,1.7347547322750092,4.491250839851528,0.34025274514165255,0.8108229424637616,1
299,Males376.png,251.44043125,1.8144326764941217,4.487839301040673,0.3023971701910022,0.8081130441771286,1
300,Males377.png,251.5763725,1.7071232764577866,4.462301043089488,0.31946309507661896,0.805159744248655,1
301,Males378.png,252.71380208333332,1.1730772502064706,4.06966152544856,0.30286089286082746,0.8014540985495184,1
302,Males379.png,252.6618725,1.1690109597015381,3.6534324304227135,0.3491995123392829,0.7964068979830081,1
303,Males38.png,252.9277425,1.1645095061588286,4.950350876352617,0.18932189201510072,0.8138772719955979,1
304,Males380.png,251.63328958333332,1.6585099629163742,3.7970443443731825,0.37191591582292616,0.7919763425789671,1
305,Males381.png,252.0344375,1.411553916978836,3.606310601404236,0.3937542124238546,0.7915349726457509,1
306,Males382.png,250.83537291666667,2.1901354624867437,4.543784792419784,0.2504867375426293,0.7896861985566928,1
307,Males383.png,251.112435,1.9848028239154816,4.510481395816926,0.2638507801566954,0.7989445341452849,1
308,Males384.png,251.01507708333332,2.125796475613117,4.652914840405074,0.26749893788512114,0.7931066081848798,1
309,Males385.png,252.339485,1.3469050709867478,4.577801211349834,0.2602546269559903,0.8048714932091551,1
310,Males386.png,253.34206041666667,0.7671376503705979,3.1827050995426287,0.4730681980184572,0.7516614803581462,1
311,Males387.png,253.00057916666665,0.9868482590079307,3.917889348490167,0.3405523389427569,0.7763862568441583,1
312,Males388.png,253.3746125,0.7415084242486953,3.379464724360494,0.39086074937603776,0.7430579619830925,1
313,Males389.png,251.55025833333335,1.815260605275631,4.78306194698057,0.32727929698940633,0.7969856072955144,1
314,Males39.png,252.83698125,1.170111052083969,4.848404847271625,0.2933050039883911,0.813949078663325,1
315,Males390.png,250.8368625,2.2005798114967345,4.804824970244173,0.3314304870168046,0.7985423327122344,1
316,Males391.png,251.66978958333334,1.5942125378727914,4.046213447116233,0.3399716225834673,0.7865293247394701,1
317,Males392.png,251.603805,1.5330783200883866,3.770451461022079,0.36164801883443937,0.7861341076936824,1
318,Males393.png,252.99621458333334,1.0529070835471153,4.4827840823358915,0.29135978860286194,0.8015609477759331,1
319,Males394.png,252.0828375,1.522240373439789,4.5645045677989415,0.27855279682116646,0.7954505959948739,1
320,Males395.png,253.48062708333333,0.8147781884074211,4.593461444678937,0.3099747108821451,0.8094304148738695,1
321,Males396.png,249.20574583333334,2.9890751053333284,4.793551760954275,0.27315533975846257,0.8150976724148021,1
322,Males397.png,250.151425,2.4331760903978346,4.736942823852297,0.2759637149049816,0.8176405750284248,1
323,Males398.png,252.82957916666666,1.0515366948246956,3.6076920707715714,0.3816674929667807,0.7875421629161802,1
324,Males399.png,252.904355,0.942302686471939,3.103796929634477,0.4401997959473516,0.7438325707670485,1
325,Males4.png,252.73979791666667,1.1656489884257317,4.251568976615279,0.2135363393524183,0.7825659351322672,1
326,Males40.png,251.84963541666667,1.7869776768445969,4.965082427191218,0.21961080009518738,0.8153694793817793,1
327,Males400.png,252.17787708333333,1.5594028092741967,4.619144916343405,0.2784334106760576,0.8220848644970001,1
328,Males401.png,252.87671,1.1457273916625976,4.567616627325754,0.2664733577310841,0.8133680185680388,1
329,Males402.png,251.884025,1.589023559343815,4.606106818889275,0.2516114971112383,0.8146693419010186,1
330,Males403.png,252.8904675,1.0066920737457274,4.483748911859166,0.2886158772320856,0.8051893352761459,1
331,Males404.png,251.81949583333332,1.7039808273792267,4.787057463013591,0.1482014311285856,0.799846230042619,1
332,Males405.png,250.9958725,2.1137931877613068,4.707855336211612,0.1428714739860176,0.8106464151275818,1
333,Males406.png,253.2909875,0.899062409389019,4.665141058287173,0.16477043502766667,0.8167922137621869,1
334,Males407.png,251.95106875,1.4961787174940109,4.446349411381101,0.40766915396204545,0.7884125041340321,1
335,Males408.png,252.0592825,1.3212976938056946,4.113693781197712,0.44492332768786236,0.7878763181901806,1
336,Males409.png,252.88612083333334,1.0658988058805465,4.742366707433144,0.30348678157968517,0.7876221869266795,1
337,Males41.png,251.7250225,1.8249005119800568,4.90023373817812,0.19892097851493096,0.8149604170966948,1
338,Males410.png,251.69259791666667,1.49766983884573,3.6901107482984017,0.32444754283343374,0.7612534271297706,1
339,Males411.png,252.1544725,1.2554572325563431,3.530284717039091,0.3397536495540516,0.7582858278269022,1
340,Males412.png,253.1422375,0.9223848686337471,4.3460827987880055,0.2780388652516818,0.783014199379632,1
341,Males413.png,252.12896666666666,1.6489965964078903,4.743939969641648,0.2865854428460588,0.8080276942546045,1
342,Males414.png,252.7995925,1.2508976167345047,4.7501113192668845,0.28910597273768807,0.8259582723219058,1
343,Males415.png,253.05727291666668,0.9974105802178382,4.318977910935107,0.3940837321585781,0.7782672348969467,1
344,Males416.png,253.68551,0.6412178596973419,4.189455979428245,0.3815723458375457,0.7901921357396506,1
345,Males417.png,253.08030833333333,1.019851173365116,4.057877651416264,0.21674230417728832,0.8103091953526155,1
346,Males418.png,250.3210875,2.417376162517071,4.086259492243433,0.2969120066268993,0.7887312654080024,1
347,Males419.png,250.6098025,2.212808423280716,3.9974293832971326,0.32257051504419065,0.7943175152848752,1
348,Males42.png,253.99363958333333,0.5284511015295983,4.750813793401768,0.269429983295213,0.8257817715763753,1
349,Males420.png,253.66133958333333,0.7166799879550934,4.135872836343862,0.23519732442288388,0.7846244471046414,1
350,Males421.png,251.1778875,1.9361826657772063,4.519475281526896,0.2900499706419388,0.801653131330302,1
351,Males422.png,250.692065,2.0736406572961807,4.315871428736243,0.3055929901609905,0.8062756979800263,1
352,Males423.png,249.61502291666667,2.971411293339729,5.169178393415973,0.24339211947773062,0.8091540438335294,1
353,Males424.png,252.45136458333334,1.4325396442890168,4.797302658021275,0.20836182524050106,0.7910349988519618,1
354,Males425.png,252.68288333333334,1.1684387591719627,3.851938578120879,0.3861440743744745,0.806544398872884,1
355,Males426.png,252.963345,0.9817202682638169,3.68613945459032,0.4114742158054165,0.7974364761160333,1
356,Males427.png,251.275425,1.9562795676708222,4.172545358246428,0.31607333219031464,0.8061579426501733,1
357,Males428.png,252.86405,1.0656314256334305,4.058545134678192,0.3442543427315466,0.7861663399159368,1
358,Males429.png,252.68847916666667,1.142093485748768,4.137363218038556,0.2916840949246417,0.8103409780050176,1
359,Males43.png,249.62762916666668,2.9412442590355874,5.544753373200904,0.22663033406740005,0.8040535319313404,1
360,Males430.png,252.1015575,1.3990414555978774,4.026270858336894,0.2928050661523493,0.8106194468250786,1
361,Males431.png,252.49779583333333,1.2086749237060548,3.5676836860834125,0.3885824203251056,0.7943324920314462,1
362,Males432.png,251.89685,1.4488400505924224,3.4161129533983914,0.4169796537245572,0.7813754064211472,1
363,Males433.png,253.03552708333333,1.1059031055092812,4.925617593538163,0.2130286803175625,0.8042048328332851,1
364,Males434.png,252.088525,1.6299806904888152,4.855546489673024,0.24034670321838503,0.7936172608236882,1
365,Males435.png,252.75290625,1.2338952045559883,4.964447237335285,0.2617862819357743,0.7934895941550393,1
366,Males436.png,251.91650208333334,1.4874200252532959,3.7871962922914184,0.4171847612392517,0.8074338296776804,1
367,Males437.png,252.2547925,1.295791972990036,3.6557725812266306,0.4401366671979702,0.7992174296820367,1
368,Males438.png,251.06497916666666,1.9895546215176583,4.106121103289345,0.3412043436407385,0.8056683482546616,1
369,Males439.png,251.76115,1.546769540348053,3.826349477551607,0.3734592506342908,0.7867885326385243,1
370,Males44.png,249.8661675,2.8095580054807665,5.581121556172232,0.2112053112181494,0.8031735164413285,1
371,Males440.png,251.51296458333334,1.9374729496598244,4.77176030342387,0.3003464314482424,0.8173549116448279,1
372,Males441.png,251.491835,1.92620039000988,4.7137508414485785,0.29161256968465327,0.8147057752496265,1
373,Males442.png,252.48334583333335,1.3073763865947723,4.152450667784592,0.298624390978375,0.8012435240110818,1
374,Males443.png,253.01489,0.9882231120586396,4.011038913901041,0.32892447371922917,0.8277965772262846,1
375,Males444.png,252.08030416666668,1.414362623000145,3.9486857945873117,0.31097240891563305,0.7867062880251687,1
376,Males445.png,251.998465,1.4387057746267318,3.910152535317309,0.3117814844580055,0.786387749948559,1
377,Males447.png,250.1993825,2.3240880974292755,3.7663631188066473,0.33497861664626927,0.8087097391403107,1
378,Males448.png,252.70923333333334,1.254400631082058,4.092003868604,0.25922352774830654,0.7835422492347413,1
379,Males449.png,253.3268875,0.8716036535596847,3.7169970797488507,0.29478772707448575,0.7799100333113484,1
380,Males450.png,250.47819583333333,2.2493074239730837,4.2368927876051,0.32491360630520605,0.7901412254814537,1
381,Males451.png,251.44289,1.6973246624994278,4.086440046200408,0.3215296312186652,0.7916802524940113,1
382,Males452.png,249.9628125,2.610934061872959,4.6063730168642705,0.23824789926089282,0.7892853455385664,1
383,Males453.png,251.183145,1.9080650779008865,4.504361024645968,0.26447811424094897,0.7944229469987626,1
384,Males454.png,252.00019166666667,1.464354535484314,4.190736398717895,0.37648808700924336,0.7892500415402495,1
385,Males46.png,250.6873175,2.4126405888462066,4.7919061993560685,0.2799187939926906,0.816250286493312,1
386,Males47.png,252.21031875,1.4720184895157813,5.088463367937002,0.29262260864134126,0.7984213805661056,1
387,Males48.png,252.450115,1.3425072466421126,5.133824257017201,0.2974080779930134,0.8021472278396294,1
388,Males49.png,250.03268958333334,2.792183711540699,4.5884663184865335,0.3054032580143505,0.8040262516080195,1
389,Males5.png,252.1650975,1.4070233677339554,4.184073621385071,0.23579457598446235,0.7954659634300288,1
390,Males50.png,251.2787375,2.078741943769455,4.608572776541894,0.3098966437310235,0.8078044528793641,1
391,Males51.png,250.16812291666668,2.736967781996727,4.713666008527027,0.26569094564633194,0.7914820430269195,1
392,Males52.png,250.7931975,2.3669642363119126,4.707862043326488,0.26118593117048927,0.7954736202455198,1
393,Males53.png,252.10137916666667,1.677184694814682,5.000460127769621,0.24888752958930663,0.8024122170359759,1
394,Males54.png,252.8365225,1.229783964085579,4.948252286945835,0.2807983731126492,0.7983265851569293,1
395,Males55.png,252.38478125,1.3515422702670097,4.800698129833347,0.26376169314343556,0.7794077224931294,1
396,Males56.png,253.1558975,0.9358336922264099,4.706998315701861,0.28180623499606083,0.7732535869156801,1
397,Males57.png,251.74543958333334,1.766637629878521,4.941715969312707,0.26907747283381356,0.7776978448336878,1
398,Males58.png,251.537465,1.8467844162511826,4.980440916207823,0.25815321153026194,0.7706416836920982,1
399,Males59.png,253.31322083333333,0.8998100794911384,4.986246890080887,0.23092570901507536,0.8048002606287846,1
400,Males6.png,251.94518958333333,1.4237881487965585,3.7749386111638277,0.38289727192244966,0.7901720317037993,1
401,Males60.png,253.15176458333335,1.0315109786510468,4.912258278702619,0.2743265043093909,0.7993156430135374,1
402,Males61.png,252.3976275,1.4366028755521774,4.923480066536783,0.27340039132934096,0.8051904132558462,1
403,Males62.png,250.02208125,2.8358251512646677,4.884276442402503,0.21485726588655404,0.7848136630934404,1
404,Males63.png,251.98895,1.6971024639844894,4.944870598872295,0.214309266196551,0.7833084534302674,1
405,Males64.png,252.8936125,1.1470974326372148,4.7973607559917,0.29982469034319004,0.8185813964616823,1
406,Males65.png,251.25748,2.000919344058037,4.824678310429114,0.28365943755867695,0.8120583686058136,1
407,Males66.png,252.69348541666668,1.2479681989431382,4.826315337457365,0.2791861305521462,0.8084267080809062,1
408,Males67.png,252.1065125,1.53426701182127,4.7143094335227005,0.28805012212407793,0.794415498906062,1
409,Males68.png,252.9004875,1.1004991401815414,4.688235948933665,0.29835791482088997,0.8082489866918933,1
410,Males69.png,252.31993333333332,1.5315823036074638,4.881527763135389,0.30330704186944546,0.8151180002112025,1
411,Males7.png,252.8129525,0.9828588499259949,3.4897633284657847,0.4145530814464946,0.7721070003963184,1
412,Males70.png,251.6055125,1.877377009177208,4.896275887368821,0.2931162944905392,0.8105895408941879,1
413,Males71.png,253.93326875,0.5862945688724518,4.861768401424774,0.27670660010779063,0.8121094210767179,1
414,Males72.png,252.87505416666667,1.1615041402101516,4.731970526311932,0.17988428114449206,0.7954972609299317,1
415,Males73.png,252.05406041666666,1.6702667459130287,4.964412515405642,0.13544426274157945,0.800629057025853,1
416,Males74.png,252.458065,1.4269899451446533,4.9589864867250375,0.12433108582020808,0.8020777538018575,1
417,Males75.png,252.02215,1.6900537672758102,5.0990568367041185,0.2654826320008332,0.7961198937391702,1
418,Males76.png,252.6211775,1.3361172477722167,5.120674710416027,0.2618832705354116,0.8058943658043963,1
419,Males77.png,252.92456666666666,1.0996765285491943,4.5377184456141455,0.27920678804202903,0.7755459516650398,1
420,Males78.png,253.5544625,0.7459060073375702,4.548233698436807,0.26657435896150117,0.7512077129108738,1
421,Males79.png,252.27849583333332,1.6252942824840546,4.7233840534155425,0.25125183297051357,0.7731053614585706,1
422,Males8.png,248.27871458333334,3.1323751820087433,4.016375164992973,0.27583882978813945,0.7677643806750442,1
423,Males80.png,252.915955,1.2154483060741426,4.73429302795314,0.24218701757804334,0.7748497814429729,1
424,Males81.png,250.04859166666665,2.858818431198597,4.753533110422788,0.22925606629800555,0.7814721102523062,1
425,Males82.png,250.2103225,2.753079836940765,4.71744044096574,0.23129097395956946,0.7777447743841309,1
426,Males83.png,251.20767291666667,2.0326507079362868,4.661921741274708,0.3046963724127115,0.7954542598468838,1
427,Males84.png,251.7091,1.725341730465889,4.6767014736535915,0.3155656835122729,0.7844952715935193,1
428,Males85.png,253.08309166666666,1.0886829423904418,4.456936877515738,0.19288309156227756,0.7944222641027786,1
429,Males86.png,250.598825,2.5120652060866355,5.430761193786346,0.2132868275017358,0.8032155353263909,1
430,Males87.png,249.9316525,2.868058312869072,5.395901680222916,0.2303822026279522,0.8058640044621649,1
431,Males88.png,251.19471041666668,2.1308990332961084,4.889600237841959,0.20985087853375048,0.8019857584858967,1
432,Males89.png,252.6591075,1.267747636399269,4.861268651245475,0.23120096413266647,0.797580358698871,1
433,Males9.png,248.282225,3.016291050539017,3.669614026527675,0.2790873809018682,0.7587011859142602,1
434,Males90.png,253.094425,1.0851687986135483,4.476502487536277,0.33852539095756046,0.7859028295866236,1
435,Males91.png,251.13106666666667,2.182752119922638,4.5636756061502926,0.24897159455665413,0.8019762674745007,1
436,Males92.png,252.97157,1.1264079220533372,4.502939563482671,0.2508817743876028,0.8080016556564721,1
437,Males93.png,253.2748375,0.9527596532464028,4.8249031746187345,0.23031500555122164,0.7959028933438037,1
438,Males94.png,253.5378425,0.7854743532085419,4.7995211779863975,0.22851190354848674,0.7966716254530212,1
439,Males95.png,252.39058958333334,1.4787571294903754,4.726305244710769,0.30438550400652004,0.7793405715721397,1
440,Males96.png,251.9726625,1.6686276685380936,4.710961394194337,0.31790380247775685,0.7768983665297727,1
441,Males97.png,253.16504583333332,1.0433951365113259,4.725795264842909,0.2307348779082404,0.7842853557037507,1
442,Males98.png,251.544125,1.9236573433041573,4.859363838749721,0.3072943406856927,0.7945219809462457,1
443,Males99.png,252.421085,1.4177494442939758,4.784288604277781,0.31218465604502066,0.7909852282563274,1
444,Females1.png,252.48019375,1.3957813688993455,4.767871410785076,0.26217529895279484,0.8113109190359391,0
445,Females10.png,251.09292,2.0580977654743196,4.612548866040205,0.2640388665864592,0.8112588019473541,0
446,Females100.png,252.418615,1.4722819795417785,4.664466908785624,0.11495336855329409,0.7183683092927887,0
447,Females101.png,252.56455625,1.35714660166502,4.606213323545005,0.19993171732744275,0.7946435252195965,0
448,Females102.png,249.08848125,3.37137858645916,5.061781993344446,0.30979716810286767,0.8214469626078612,0
449,Females103.png,248.28384,3.7487520396995544,5.089602868253609,0.2981617463472443,0.8179030917355637,0
450,Females104.png,252.43451666666667,1.4404877774000169,4.917643340908571,0.2600614410747284,0.8302093373741726,0
451,Females105.png,252.50938541666667,1.3338254417896271,4.698891643407392,0.29505452239276686,0.8050698865675979,0
452,Females106.png,251.65067291666668,1.8647807878613472,4.48569385195947,0.23691596040603585,0.8114872028620741,0
453,Females107.png,252.15486,1.5487517403030395,4.5106940228933405,0.23216971011201626,0.8112147641779532,0
454,Females108.png,251.13556458333332,2.209427139055729,4.792099633489905,0.23372641296936644,0.7875149013643048,0
455,Females109.png,251.2736675,2.0909515663146974,4.790164282320221,0.252610845346534,0.7855491330402765,0
456,Females11.png,252.25373958333333,1.5182067163705826,4.879460063577794,0.27689543806146244,0.812222956594229,0
457,Females110.png,250.10182291666666,2.6845740329384804,4.80450386458634,0.28517992734593045,0.8264454428234254,0
458,Females111.png,250.734985,2.28749492231369,4.827895406466466,0.3029272872786944,0.8227389950844572,0
459,Females112.png,250.87897083333334,2.242426446080208,4.603771812147726,0.20809955307182337,0.7813841319939949,0
460,Females113.png,251.82596,1.6965222241687774,4.579926319964643,0.21776908888368215,0.785080327015054,0
461,Females114.png,251.70896041666666,1.7890357065200806,4.732094580056078,0.2920327559409541,0.7836753802112078,0
462,Females115.png,252.9969075,1.081169282169342,4.70026743261768,0.29770016052764897,0.7892133549256374,0
463,Females116.png,251.97394791666667,1.5478711033701897,4.447358505819295,0.26179184646075365,0.8069321727805933,0
464,Females117.png,252.9467325,0.9858635263681412,4.229803385204056,0.2847240431872817,0.8053897900029557,0
465,Females118.png,252.40990208333332,1.456483530294895,5.016582994034274,0.2898246310015614,0.8003651196789139,0
466,Females119.png,251.37820208333332,1.9570931350111962,4.811171734318225,0.2609557549647675,0.8149862540006951,0
467,Females12.png,250.8365725,2.3214419306516647,4.915977677884827,0.2783895272321267,0.8058167036702378,0
468,Females120.png,251.7478425,1.7035190420436859,4.742949486518555,0.25640553865737337,0.8183089895601948,0
469,Females121.png,251.94858958333333,1.604885729110241,4.511477079038688,0.2729973235411517,0.8056717388339727,0
470,Females122.png,253.0558675,0.958030924501419,4.2668613155908615,0.2642577173041588,0.7938620793981551,0
471,Females123.png,252.32818541666666,1.1779543618083,3.4208704262116636,0.486650890825346,0.7736106884888883,0
472,Females124.png,252.19323,1.2126632914495468,3.3254588199082318,0.4939436433057772,0.7643460217080896,0
473,Females125.png,251.45360625,1.7527905033111573,3.8809169003414428,0.3489885223606325,0.7769875709697283,0
474,Females126.png,251.5520225,1.633196925458908,3.5271586704636215,0.40663119470429265,0.7825069157146987,0
475,Females127.png,252.04655208333332,1.4432893867492675,3.6634651394907474,0.2996481513477926,0.7999813052713423,0
476,Females128.png,253.28099,0.7826652595281601,3.290575863503849,0.35382612352401976,0.7785656566202356,0
477,Females129.png,252.35963541666666,1.4375037485122681,4.759494709865415,0.25271402173693597,0.8015153439787267,0
478,Females13.png,251.34763958333335,1.9573194638252258,5.028539629601897,0.34007583686284776,0.7849061066828731,0
479,Females130.png,250.7088725,2.2859496525907517,4.790898979137416,0.2709207657692295,0.7997493737799619,0
480,Females131.png,251.86879583333334,1.5966919514775275,4.122242040764522,0.27262670773664976,0.7980474340185991,0
481,Females132.png,250.740335,2.17205969455719,4.020599983568328,0.3095979153159785,0.7959956271170752,0
482,Females133.png,253.30003125,0.8670820950508118,4.0211800691193185,0.30522221586268794,0.78127008248883,0
483,Females134.png,251.58050416666666,1.6016424454689027,3.0469322623451602,0.4151300031605847,0.7415458577257209,0
484,Females135.png,252.325415,1.2100548131847382,2.8611959191567613,0.45599979628681864,0.7080633660110761,0
485,Females136.png,251.48958958333333,1.6886051197767258,4.19352334422006,0.3207321274795774,0.7965315953471739,0
486,Females137.png,250.38586875,2.404233106446266,4.533318681176818,0.3082301482121713,0.7979686521938666,0
487,Females138.png,250.132405,2.3775380001926423,4.305528897149842,0.35435738309804454,0.7983900846469486,0
488,Females139.png,251.22669166666665,1.9190908178925514,4.255527239745177,0.2896998452136863,0.8025105655127102,0
489,Females14.png,253.079305,0.9908855991268158,5.0124967520332735,0.31930777892120704,0.7782844675932683,0
490,Females140.png,251.13167,1.898732163233757,4.13451582641127,0.3025883617714889,0.7971598138001292,0
491,Females141.png,248.01653333333334,3.45559023090601,4.111414836003157,0.35168331045402224,0.8111380095046286,0
492,Females142.png,250.3844075,2.1727836753702165,3.6682661117019046,0.4039930650613485,0.7983958928808068,0
493,Females143.png,250.84525416666668,2.0320597942709924,3.626474751411325,0.35043902842918256,0.799938322167991,0
494,Females144.png,250.7353075,2.004416252017021,3.4227462612339683,0.38285742259202465,0.7811048307351603,0
495,Females145.png,250.19599583333334,2.3513662207603456,4.460655861731451,0.32640435488821556,0.8164989792886318,0
496,Females146.png,251.1998,1.7680125525712966,4.385391407711635,0.3686206170844208,0.8129064185227293,0
497,Females147.png,252.39554791666666,1.2078680376410484,3.3319402054289684,0.3923237850281366,0.7858289856411069,0
498,Females148.png,252.5665225,1.0932529539728164,3.101871200023161,0.44784221775445343,0.7601445024834209,0
499,Females149.png,251.133475,1.954226412808895,4.536152582225928,0.2525796202460369,0.8030171636870623,0
500,Females15.png,250.87596041666666,2.310246104347706,5.256959023966822,0.34875755262652,0.8135890048408956,0
501,Females150.png,251.73344,1.5385418143844605,4.353439972729006,0.31482401583367337,0.8131020981911126,0
502,Females151.png,251.11444791666668,2.123750350654125,4.621004074052144,0.18353933527216929,0.7870745369285144,0
503,Females152.png,252.2889125,1.4565837394094467,4.608803778035564,0.18110812871081727,0.7816980834927171,0
504,Females153.png,251.62325208333334,1.6290275566339494,3.7262323545725065,0.3414051522594472,0.795008159518267,0
505,Females154.png,252.943535,0.9427769673156738,3.3732881620775923,0.3934679608153747,0.7850056447335663,0
506,Females155.png,251.65002708333333,1.6090604027628899,4.373176787104463,0.2459016694734322,0.7733569667331466,0
507,Females156.png,252.83074791666667,1.0717224438667297,4.456174103958118,0.24262753739880327,0.7974932784526597,0
508,Females157.png,253.59149791666667,0.734253685104847,4.301691196159841,0.25796187382353486,0.7871135514553481,0
509,Females158.png,251.00487708333333,1.9423303902983666,4.120028237087538,0.30927978751690904,0.8168931712466648,0
510,Females159.png,251.32111,1.7073469166994095,3.838664083306034,0.36181760496232396,0.8077054208223915,0
511,Females16.png,252.1040975,1.5952759293079377,5.26362759529181,0.34994603048180034,0.8144540017766184,0
512,Females160.png,252.64275625,1.1908129358530044,4.495778655308138,0.27506932742901025,0.801063008446578,0
513,Females161.png,253.1559975,0.8953113164806366,4.380620369917954,0.2820785393568642,0.7939649199277548,0
514,Females162.png,251.5204375,1.8691040793418885,4.810358360220256,0.23507391311487738,0.812565639921375,0
515,Females163.png,252.7506475,1.1549075733518601,4.662452782072704,0.25943384085511323,0.8152856105621239,0
516,Females164.png,253.0670125,0.8851926457762718,3.003042947225462,0.4866196849600666,0.7390462736120138,0
517,Females165.png,252.23238333333333,1.4595937964320183,4.123788481179829,0.25594272430685994,0.800747196935193,0
518,Females166.png,253.293075,0.8554169483470917,3.9592954874735695,0.2520767821166323,0.797181826054261,0
519,Females167.png,252.87972916666666,1.1133648339271545,4.443310783143943,0.15342556548857603,0.7294093835732834,0
520,Females168.png,251.02896875,2.153580161201954,4.67087233334768,0.15284253982906715,0.7877721131087125,0
521,Females169.png,252.14174,1.5186804749679566,4.65015009619923,0.14895632196795852,0.7830268552830033,0
522,Females17.png,249.32215833333333,3.149518222808838,5.271495494542558,0.25322875170843107,0.8024409758898008,0
523,Females170.png,252.17199791666667,1.5100717501997947,4.663110589125389,0.19032033917875377,0.7981043699487221,0
524,Females171.png,251.76956458333333,1.7880191712856293,5.007723777479808,0.28541531590482266,0.8001393553328714,0
525,Females172.png,250.9460625,2.079409810376167,4.236258266720599,0.2988287385268274,0.8138035676315651,0
526,Females173.png,252.159725,1.3951042793512345,4.090303256076165,0.3030189342161703,0.8028275712018003,0
527,Females174.png,252.36310625,1.2923446706295014,4.1208854312415975,0.2804069651521789,0.7886804121186342,0
528,Females175.png,253.3693575,0.7500219518995285,3.8675209212840445,0.2891324565475187,0.7804962871159454,0
529,Females176.png,251.34725,1.9623918745040894,4.22363749539639,0.2675519779546297,0.7973188604570008,0
530,Females177.png,252.8290025,1.1202377282238007,4.025174364847676,0.33119699514005857,0.7959280430531015,0
531,Females178.png,251.77638125,1.6156804669976235,4.254571708026484,0.28868463788638316,0.7932518999449303,0
532,Females179.png,250.86483958333332,2.093307093656063,4.85585755648472,0.2535993069806703,0.7693693122117701,0
533,Females18.png,249.5678,2.9989348358774186,5.278830446064764,0.2644891447917614,0.7979269839387767,0
534,Females180.png,251.9606425,1.473735871195793,4.712512907055485,0.2668639361774874,0.774683402963148,0
535,Females181.png,249.83400208333333,2.8058507103204726,4.676466314815698,0.259420982096073,0.8041513302016189,0
536,Females182.png,248.605735,3.4612357144832613,4.6818325435502715,0.260271976408188,0.7993707238288377,0
537,Females183.png,253.44692708333332,0.7941724797725678,4.134804072462931,0.32053722320062344,0.8051247250051952,0
538,Females184.png,251.35057916666668,2.0731781965374947,4.724669957827848,0.27544135200150843,0.820634229585305,0
539,Females185.png,251.8321475,1.7728921421670913,4.698729222238299,0.25750258361074396,0.8104170559185941,0
540,Females186.png,250.47246041666668,2.5398346969604493,5.175628564818023,0.33497578937889694,0.8054692353597094,0
541,Females187.png,251.9081625,1.7163345039510727,5.26318522754821,0.35596781227179347,0.806114919397796,0
542,Females188.png,251.63504583333332,1.8850334952235221,4.6524811581265055,0.22738275386675633,0.8000996810518297,0
543,Females189.png,250.098165,2.7575542872190475,4.625167688900023,0.2239723808879421,0.7910991493536469,0
544,Females19.png,250.3100375,2.619798721897602,4.877780949693291,0.20366092974594555,0.8031479868708568,0
545,Females190.png,249.65624583333334,3.062861762213707,4.662725401206278,0.21710421442552003,0.785094479338276,0
546,Females191.png,252.127975,1.6177265828490257,4.579385765205744,0.20862121890164953,0.7954302882143409,0
547,Females192.png,253.1136675,1.0416756974601746,4.5958626292344515,0.1725563854284335,0.7962347344953257,0
548,Females193.png,250.32540833333334,2.683021359205246,5.080699756336155,0.18827253957896514,0.7977963112706219,0
549,Females194.png,250.40382,2.6141719181728362,5.15959866235473,0.20218500911202286,0.827228346153239,0
550,Females196.png,251.90598333333332,1.7257488884091376,4.601609802296056,0.21673994777280622,0.7811985610729981,0
551,Females198.png,250.946475,2.274219554638863,4.844048272779247,0.22574927591886473,0.8030537838801685,0
552,Females199.png,252.216485,1.5396378683137895,4.82948374283423,0.23063378183419508,0.8191922614820001,0
553,Females2.png,253.4402275,0.8279923088550568,4.7492212585629785,0.2566766202416633,0.8029107441268042,0
554,Females20.png,250.62126,2.4393728305006026,4.806062805146568,0.2232953947818803,0.8054169799190853,0
555,Females200.png,250.85485208333333,2.4039064522504807,5.1732881086216596,0.18591383697706745,0.7773523419480101,0
556,Females201.png,250.9787675,2.3061750470638276,5.22545328128263,0.17229794558756914,0.7923547837935312,0
557,Females202.png,253.84840416666665,0.6331537986159325,4.822187878694641,0.21089484224218585,0.8352992671968081,0
558,Females203.png,252.32340416666668,1.2756545279860496,3.4728333271097735,0.4044439383106209,0.7733140898825547,0
559,Females204.png,250.42659375,2.610680658507347,4.88218981725579,0.19740454168525523,0.7914533507786151,0
560,Females205.png,251.556905,1.94713430185318,4.906695112475831,0.20063421817210977,0.782532533830272,0
561,Females206.png,249.78688541666668,2.7845055676221846,4.91666261813759,0.26562917209962456,0.7894439363687249,0
562,Females207.png,250.953845,2.147292304673195,4.903038070620277,0.24329420205347965,0.7927471205684182,0
563,Females208.png,251.18482916666667,2.1027596358537672,4.782929982280275,0.23586870569740348,0.8031341910741564,0
564,Females209.png,251.49294,1.89482791929245,4.750089179577719,0.2239533220588182,0.79961367117814,0
565,Females21.png,252.60535625,1.3441546966075897,4.555540222918211,0.19338348126561697,0.8131359090117575,0
566,Females210.png,252.11912083333334,1.5905780731081962,4.934122728016873,0.22386311264964212,0.8067737496324975,0
567,Females211.png,252.98949,1.0743628716516496,4.825083105272663,0.24194241155866253,0.8038267138568941,0
568,Females212.png,252.18648333333334,1.5570721394777298,4.816277067898105,0.2578916337733277,0.7992765265816016,0
569,Females213.png,252.351385,1.451136572470665,4.850324112461793,0.2817300033960735,0.8054025935810486,0
570,Females214.png,249.53517708333334,3.048203326678276,4.823447988256414,0.26709062981602566,0.8233540932461966,0
571,Females215.png,249.8242225,2.904316795320511,4.889135922163835,0.2582181051926105,0.8202141639608039,0
572,Females216.png,253.29318333333333,0.7754001473665237,3.619827784409617,0.4367327123904742,0.7956069643813001,0
573,Females217.png,251.595025,1.9225401593327522,4.730658395854069,0.2379257667721261,0.8012228476853932,0
574,Females218.png,252.3764975,1.45681151676178,4.753929976099753,0.26648938406500705,0.8131106806617655,0
575,Females219.png,252.28130416666667,1.5485679402112962,4.66835130765908,0.1781099843607228,0.7090446344621337,0
576,Females22.png,253.2804375,0.9451901437282563,4.547503158901031,0.21587022352970492,0.8162751689995263,0
577,Females220.png,252.02420416666666,1.6630628559231757,4.7073053176097925,0.1967844871193614,0.80469365470367,0
578,Females221.png,250.46820833333334,2.611583298563957,4.976147938326458,0.2646998879573709,0.8143173710022015,0
579,Females222.png,250.0693775,2.8325096773052216,5.009002340716543,0.2588055980266086,0.8187336273480997,0
580,Females223.png,251.71512291666667,1.8557167409777642,4.76283799653077,0.25231216117264954,0.7978250419526441,0
581,Females224.png,253.5994475,0.7560141726922989,4.782093520094077,0.2687681999079885,0.7930418816303293,0
582,Females225.png,250.60824583333334,2.40894208009243,5.148759855746374,0.351225896132084,0.8023688459633791,0
583,Females226.png,251.0441775,2.137288581519127,5.091825613717702,0.31551770196312495,0.8015591907675043,0
584,Females227.png,252.38867708333333,1.3717203301906586,4.806600686739236,0.27622427109543823,0.8027271542199194,0
585,Females228.png,253.1050225,0.9776073925209046,4.813755570689791,0.25587140811117415,0.8052616370134864,0
586,Females229.png,251.8795625,1.768948322880268,4.675858213463856,0.2959572205661217,0.8063903995145947,0
587,Females23.png,248.0222625,3.856847491455078,5.321662981738321,0.25276403153019056,0.7969713706077088,0
588,Females230.png,252.05534,1.6506422445201874,4.678928924067989,0.2848166993122962,0.8090643907264913,0
589,Females231.png,252.53037916666668,1.3573453717589379,4.5357458896118805,0.27674907496461215,0.7981932299461948,0
590,Females232.png,250.2108,2.718829003405571,4.805342444789949,0.25579090292056333,0.797188607331689,0
591,Females233.png,251.2327725,2.1203877114486693,4.807461665316467,0.2770295572587599,0.8007728382745527,0
592,Females234.png,251.15603541666667,2.1722004957556726,4.6651619630817684,0.2148737719958488,0.7715451809798445,0
593,Females235.png,253.014865,1.093968919429779,4.726356730009662,0.23124567804603682,0.7621175833353195,0
594,Females236.png,249.56554375,2.9189174188017843,5.038164381082079,0.23132666189531817,0.7823440369217299,0
595,Females237.png,250.3228825,2.4859847487974167,5.035009907454757,0.23160267338559626,0.7816931436690879,0
596,Females238.png,250.31180833333335,2.339250030243397,4.663099203982934,0.32741813112754353,0.7920829445423356,0
597,Females239.png,250.6988275,2.1140309288835524,4.783517873281863,0.3243099793149908,0.7933443004014196,0
598,Females24.png,248.5110525,3.5732238695955276,5.296981678106302,0.2225201603411138,0.7929461535709417,0
599,Females240.png,253.23527708333333,0.8454205553650856,4.199428262334949,0.3263709818468964,0.7908543047046068,0
600,Females241.png,250.8799625,2.2281708352804186,5.011652230089443,0.2746867489310779,0.7830373006883783,0
601,Females242.png,250.69812,2.2621835780096053,5.0273141885947785,0.27159868932464065,0.7789343407092102,0
602,Females243.png,251.97288541666666,1.6933524535775184,4.491133961979997,0.21093607946702897,0.806741199177707,0
603,Females244.png,253.3208825,0.9256237803983688,4.510541663760229,0.16704945646987068,0.8118881939436945,0
604,Females245.png,252.78215625,1.2332221763968467,4.66736826796299,0.2757699651466022,0.7898425149908751,0
605,Females246.png,251.508475,1.9658642820119858,5.025771550887933,0.20704393549154512,0.8022220301067554,0
606,Females25.png,249.6053875,2.9219505333423617,5.20279753675848,0.26839381444302596,0.8102144760371021,0
607,Females26.png,251.5846125,1.8123405851697922,5.197292403951464,0.28220821412165303,0.8050421167181155,0
608,Females27.png,250.37212291666665,2.4635383529424666,5.00090372991335,0.2803795297827837,0.7865383835977333,0
609,Females28.png,249.89758,2.652260661563873,4.9882930306359965,0.2714299874023461,0.7820536286488646,0
610,Females29.png,252.65510833333335,1.222075577688217,4.9356147747348755,0.24663912765385884,0.7870399912734458,0
611,Females3.png,251.71282083333332,1.8253821534395218,4.565425441759687,0.19863510308166418,0.8141515693866243,0
612,Females30.png,250.93616875,2.296967444384098,4.876629196073619,0.21945816094691195,0.8128279737969581,0
613,Females31.png,251.50587,1.9446745116376878,4.895073873951589,0.23114748308035185,0.8105269969940105,0
614,Females32.png,249.74877708333332,2.9770824623703955,5.107256923585169,0.22676368387281845,0.8058176210778012,0
615,Females33.png,250.791595,2.366252542476654,5.1141394551363435,0.24485933298759308,0.7973139287755018,0
616,Females34.png,252.482,1.3897144540190696,4.6864743513826355,0.25630522857738836,0.7842783264709478,0
617,Females35.png,252.6925025,1.2537881317090989,4.620990824950558,0.28190718086632094,0.7838072436455081,0
618,Females36.png,250.57484791666667,2.4028861748814583,4.6263970204854274,0.20778541379254903,0.8030552263779954,0
619,Females37.png,252.143995,1.5244849123620987,4.60689411436841,0.22802852262289322,0.8034988105309975,0
620,Females38.png,249.87323541666666,2.955845581448078,5.015775288598268,0.16564363593832582,0.7982975752870737,0
621,Females39.png,251.5469325,1.9727681430673598,5.007542448732288,0.1480632471680449,0.7929129695559962,0
622,Females4.png,252.5621025,1.3428653785085678,4.583683798609903,0.19046560934251489,0.8121252940271194,0
623,Females40.png,252.03295208333333,1.6577433451771737,4.705685616033686,0.24404664143786509,0.8206374693581268,0
624,Females41.png,252.90356458333332,1.1517290024399758,4.526722076697643,0.17527264721024044,0.7967995894357573,0
625,Females42.png,253.3024525,0.9228521428155899,4.435608802743071,0.1652721109112457,0.7898110628449091,0
626,Females43.png,250.77325208333335,2.369509244275093,4.847041714985737,0.17619745780535534,0.8022165315566094,0
627,Females44.png,251.945865,1.7018666910123825,4.828083865126689,0.16552279534345973,0.8039696583847599,0
628,Females45.png,252.06440208333333,1.6267543010830878,5.042161657446027,0.20421451554263928,0.805878527678522,0
629,Females46.png,251.28927,2.0307093405532837,5.019784648781961,0.22626061933990982,0.8188168163240773,0
630,Females47.png,252.59531041666668,1.3064774314284324,4.886331422686328,0.2627314446580175,0.8061251533092338,0
631,Females48.png,252.08841458333333,1.6554754096031188,4.6737088206552215,0.2009807907820384,0.7801449584977713,0
632,Females49.png,252.4361,1.4440716539669036,4.6767476599949225,0.1985258121474964,0.7827685300487541,0
633,Females5.png,251.28785625,2.0308768552541734,4.233602009296452,0.19288342761622856,0.7838949616481574,0
634,Females50.png,252.21095625,1.5631533382415772,5.04718294229274,0.2603868437031407,0.8154363914218735,0
635,Females51.png,251.65948333333333,1.870591139805317,4.487641078226274,0.25733402984571724,0.7989645542007523,0
636,Females52.png,252.3331225,1.4803262569713593,4.49130662304243,0.2641918075076073,0.801638606893109,0
637,Females53.png,252.740825,1.2536713228225709,4.790228511452828,0.24351646688039247,0.8246093394818492,0
638,Females54.png,251.59594375,1.938582396531105,4.560141248672952,0.1339316554920352,0.7165880495641171,0
639,Females55.png,253.2820525,0.9618531785488129,4.541504624673275,0.11958852515285301,0.7181062662669575,0
640,Females56.png,251.70456875,1.845768936395645,4.685330180793319,0.241425740654092,0.792552397652408,0
641,Females57.png,251.7929025,1.7842640776920318,4.6644696264474765,0.23834705813547877,0.7947753567379207,0
642,Females58.png,249.86198125,2.9168571452260017,4.952339006268401,0.2760427108562018,0.8102120368845005,0
643,Females59.png,251.6486475,1.879814976067543,5.020221526660175,0.2545497960812236,0.8116547822366552,0
644,Females6.png,252.82837,1.158568047065735,4.243213250745131,0.22118882019926558,0.7848722306829441,0
645,Females60.png,250.32579166666667,2.5722343999385835,4.854284958732965,0.25434836855256937,0.8140390263283318,0
646,Females61.png,251.8422875,1.71455702542305,4.814613654209234,0.24176595822200855,0.821690294160944,0
647,Females62.png,251.44443333333334,1.995421456372738,4.531330624619036,0.2748686409439155,0.8074401937233578,0
648,Females63.png,252.480915,1.3797000937271118,4.512473091422916,0.28849534749544886,0.8033402548615888,0
649,Females64.png,250.86682291666668,2.364675339007378,4.818770216388335,0.21172946132214174,0.8050996130207935,0
650,Females65.png,251.988735,1.711450921239853,4.863013543486204,0.19755438349007282,0.8115377128180026,0
651,Females66.png,250.42376041666665,2.5641404896855353,4.650216573901153,0.23446494345937927,0.8017154771630403,0
652,Females67.png,251.7652875,1.7730446009302139,4.659474834565254,0.24573267510646113,0.8133715861126789,0
653,Females68.png,251.32231666666667,2.0597577234745024,4.6650097755074595,0.22589634429213373,0.8158205938514198,0
654,Females69.png,252.07373,1.6327527730464935,4.672208743602223,0.21093540534784946,0.8202227780601195,0
655,Females7.png,253.47065625,0.8653595744490623,4.798631581520558,0.25087698821907223,0.7982453031705671,0
656,Females70.png,251.66936458333333,1.855628511106968,4.685517699809908,0.2636990276964394,0.7973043339406929,0
657,Females71.png,252.8320575,1.1851265940999984,4.582448718995781,0.26139356431906474,0.8000026110426546,0
658,Females72.png,249.45628333333335,2.992329435324669,4.671024926288453,0.2631466220556001,0.799733048970728,0
659,Females73.png,249.544705,2.914062555155754,4.71759986978356,0.2919615603727823,0.800228633220504,0
660,Females74.png,252.37652916666667,1.5012499934196473,4.640254034164964,0.17875933030821847,0.8090696811688749,0
661,Females75.png,250.54671,2.5053653061532972,4.650689698076867,0.19013101433123147,0.7993432213290186,0
662,Females76.png,250.736425,2.421381232428551,4.672792198609579,0.23515182986361458,0.792071272965745,0
663,Females77.png,251.91299583333333,1.4964023659586907,4.208321224644973,0.3115420983208152,0.7973387775239852,0
664,Females78.png,251.63596666666666,1.7964895711421967,4.439627735885855,0.24448062528948264,0.7925914424953873,0
665,Females79.png,251.6435925,1.7695178011751176,4.4477365200803565,0.24073998419168732,0.8012480325157577,0
666,Females8.png,252.1601375,1.6333425434303284,4.818358309844636,0.23072925552531484,0.7912249453335498,0
667,Females80.png,250.524025,2.5849545692682265,4.920024080190772,0.14678327310764788,0.7946907358692942,0
668,Females81.png,251.5542725,1.9746762859869003,4.901282977531103,0.16180985762597225,0.8071997016957579,0
669,Females82.png,252.08816666666667,1.618371784043312,4.7784615171702445,0.1797649671806323,0.8037058385826338,0
670,Females83.png,252.21853541666667,1.5214584941267968,4.309677090099619,0.1990269898667953,0.79316580582182,0
671,Females84.png,252.9246275,1.1136490853118897,4.269394891160436,0.19051667641455192,0.792557582312272,0
672,Females85.png,251.72716458333332,1.7768893806815147,4.299816886055122,0.22719617596028638,0.8097236265574846,0
673,Females86.png,251.2179975,2.0439832161712648,4.2815824886386284,0.24252696236596757,0.8076558439069337,0
674,Females87.png,251.38125,2.035439469051361,4.654089679387363,0.20668616382710925,0.8036775132136816,0
675,Females88.png,251.3021475,2.0565828468704224,4.629972277966052,0.21687569127796802,0.8035875969158018,0
676,Females89.png,252.49947708333335,1.4166025487303733,4.953903264364255,0.14537544622311646,0.8130724074842335,0
677,Females9.png,252.66091875,1.3324365429520606,4.721610496370493,0.24974823916487174,0.7797641788912294,0
678,Females90.png,252.19555,1.5570378603816033,4.767784170831064,0.21908657399630152,0.7983117086471042,0
679,Females91.png,251.2831025,2.0473042027044297,4.790731051126725,0.22760440432996468,0.8070306114508612,0
680,Females92.png,251.9288625,1.75719577190876,5.058862164134942,0.21036430096419328,0.8112915091628384,0
681,Females93.png,250.9642425,2.2568846149492265,4.967676119982451,0.22576645469047907,0.8086015598639169,0
682,Females94.png,253.19804166666665,0.9920632579445839,4.780735183836499,0.21707988071774398,0.8159901199785372,0
683,Females95.png,252.67087708333332,1.1805312483549117,4.356053030848338,0.2580930822425585,0.805059435530408,0
684,Females96.png,251.8225775,1.6280607510423661,4.349663378946587,0.2730297646614162,0.8059848955258838,0
685,Females97.png,251.91763541666666,1.7361705357551576,4.647633714521052,0.19111308779709063,0.7983180602035204,0
686,Females98.png,252.6087675,1.3259935941553116,4.637245661613,0.17607091928305274,0.8045967135397374,0
687,Females99.png,251.46915416666667,2.0431683675050736,4.636050099170064,0.1015644304033226,0.714941523851147,0
